dataset_id,lab
Almoammer2013,Barner
Almoammer2013,Barner
Almoammer2013,Barner
Almoammer2013,Barner
Almoammer2013,Barner
Almoammer2013,Barner
Almoammer2013,Barner
Almoammer2013,Barner
Almoammer2013,Barner
Almoammer2013,Barner
Almoammer2013,Barner
Almoammer2013,Barner
Almoammer2013,Barner
Almoammer2013,Barner
Almoammer2013,Barner
Almoammer2013,Barner
Almoammer2013,Barner
Almoammer2013,Barner
Almoammer2013,Barner
Almoammer2013,Barner
Almoammer2013,Barner
Almoammer2013,Barner
Almoammer2013,Barner
Almoammer2013,Barner
Almoammer2013,Barner
Almoammer2013,Barner
Almoammer2013,Barner
Almoammer2013,Barner
Almoammer2013,Barner
Almoammer2013,Barner
Almoammer2013,Barner
Almoammer2013,Barner
Almoammer2013,Barner
Almoammer2013,Barner
Almoammer2013,Barner
Almoammer2013,Barner
Almoammer2013,Barner
Almoammer2013,Barner
Almoammer2013,Barner
Almoammer2013,Barner
Almoammer2013,Barner
Almoammer2013,Barner
Almoammer2013,Barner
Almoammer2013,Barner
Almoammer2013,Barner
Almoammer2013,Barner
Almoammer2013,Barner
Almoammer2013,Barner
Almoammer2013,Barner
Almoammer2013,Barner
Almoammer2013,Barner
Almoammer2013,Barner
Almoammer2013,Barner
Almoammer2013,Barner
Almoammer2013,Barner
Almoammer2013,Barner
Almoammer2013,Barner
Almoammer2013,Barner
Almoammer2013,Barner
Almoammer2013,Barner
Almoammer2013,Barner
Almoammer2013,Barner
Almoammer2013,Barner
Almoammer2013,Barner
Almoammer2013,Barner
Almoammer2013,Barner
Almoammer2013,Barner
Almoammer2013,Barner
Almoammer2013,Barner
Almoammer2013,Barner
Almoammer2013,Barner
Almoammer2013,Barner
Almoammer2013,Barner
Almoammer2013,Barner
Almoammer2013,Barner
Almoammer2013,Barner
Almoammer2013,Barner
Almoammer2013,Barner
Almoammer2013,Barner
Almoammer2013,Barner
Almoammer2013,Barner
Almoammer2013,Barner
Almoammer2013,Barner
Almoammer2013,Barner
Almoammer2013,Barner
Almoammer2013,Barner
Almoammer2013,Barner
Almoammer2013,Barner
Almoammer2013,Barner
Almoammer2013,Barner
Almoammer2013,Barner
Almoammer2013,Barner
Almoammer2013,Barner
Almoammer2013,Barner
Almoammer2013,Barner
Almoammer2013,Barner
Almoammer2013,Barner
Almoammer2013,Barner
Almoammer2013,Barner
Almoammer2013,Barner
Almoammer2013,Barner
Almoammer2013,Barner
Almoammer2013,Barner
Almoammer2013,Barner
Almoammer2013,Barner
Almoammer2013,Barner
Almoammer2013,Barner
Almoammer2013,Barner
Almoammer2013,Barner
Almoammer2013,Barner
Almoammer2013,Barner
Almoammer2013,Barner
Almoammer2013,Barner
Almoammer2013,Barner
Almoammer2013,Barner
Almoammer2013,Barner
Almoammer2013,Barner
Almoammer2013,Barner
Almoammer2013,Barner
Almoammer2013,Barner
Almoammer2013,Barner
Almoammer2013,Barner
Almoammer2013,Barner
Almoammer2013,Barner
Almoammer2013,Barner
Almoammer2013,Barner
Almoammer2013,Barner
Almoammer2013,Barner
Almoammer2013,Barner
Almoammer2013,Barner
Almoammer2013,Barner
Almoammer2013,Barner
Almoammer2013,Barner
Almoammer2013,Barner
Almoammer2013,Barner
Almoammer2013,Barner
Almoammer2013,Barner
Almoammer2013,Barner
Almoammer2013,Barner
Almoammer2013,Barner
Almoammer2013,Barner
Almoammer2013,Barner
Almoammer2013,Barner
Almoammer2013,Barner
Almoammer2013,Barner
Almoammer2013,Barner
Almoammer2013,Barner
Almoammer2013,Barner
Almoammer2013,Barner
Almoammer2013,Barner
Almoammer2013,Barner
Almoammer2013,Barner
Almoammer2013,Barner
Almoammer2013,Barner
Almoammer2013,Barner
Almoammer2013,Barner
Almoammer2013,Barner
Almoammer2013,Barner
Almoammer2013,Barner
Almoammer2013,Barner
Almoammer2013,Barner
Almoammer2013,Barner
Almoammer2013,Barner
Almoammer2013,Barner
Almoammer2013,Barner
Almoammer2013,Barner
Almoammer2013,Barner
Almoammer2013,Barner
Almoammer2013,Barner
Almoammer2013,Barner
Almoammer2013,Barner
Almoammer2013,Barner
Almoammer2013,Barner
Almoammer2013,Barner
Almoammer2013,Barner
Almoammer2013,Barner
Almoammer2013,Barner
Almoammer2013,Barner
Almoammer2013,Barner
Almoammer2013,Barner
Almoammer2013,Barner
Almoammer2013,Barner
Almoammer2013,Barner
Almoammer2013,Barner
Almoammer2013,Barner
Almoammer2013,Barner
Almoammer2013,Barner
Almoammer2013,Barner
Almoammer2013,Barner
Almoammer2013,Barner
Almoammer2013,Barner
Almoammer2013,Barner
Almoammer2013,Barner
Almoammer2013,Barner
Almoammer2013,Barner
Almoammer2013,Barner
Almoammer2013,Barner
Almoammer2013,Barner
Almoammer2013,Barner
Almoammer2013,Barner
Almoammer2013,Barner
Almoammer2013,Barner
Almoammer2013,Barner
Almoammer2013,Barner
Almoammer2013,Barner
Almoammer2013,Barner
Almoammer2013,Barner
Almoammer2013,Barner
Almoammer2013,Barner
Almoammer2013,Barner
Almoammer2013,Barner
Almoammer2013,Barner
Almoammer2013,Barner
Almoammer2013,Barner
Almoammer2013,Barner
Almoammer2013,Barner
Almoammer2013,Barner
Almoammer2013,Barner
Almoammer2013,Barner
Almoammer2013,Barner
Almoammer2013,Barner
Almoammer2013,Barner
Almoammer2013,Barner
Almoammer2013,Barner
Almoammer2013,Barner
Almoammer2013,Barner
Almoammer2013,Barner
Almoammer2013,Barner
Almoammer2013,Barner
Almoammer2013,Barner
Almoammer2013,Barner
Almoammer2013,Barner
Almoammer2013,Barner
Almoammer2013,Barner
Almoammer2013,Barner
Almoammer2013,Barner
Almoammer2013,Barner
Almoammer2013,Barner
Almoammer2013,Barner
Almoammer2013,Barner
Almoammer2013,Barner
Almoammer2013,Barner
Almoammer2013,Barner
Almoammer2013,Barner
Almoammer2013,Barner
Almoammer2013,Barner
Almoammer2013,Barner
Almoammer2013,Barner
Almoammer2013,Barner
Almoammer2013,Barner
Almoammer2013,Barner
Almoammer2013,Barner
Almoammer2013,Barner
Almoammer2013,Barner
Almoammer2013,Barner
Almoammer2013,Barner
Almoammer2013,Barner
Almoammer2013,Barner
Almoammer2013,Barner
Almoammer2013,Barner
Almoammer2013,Barner
Almoammer2013,Barner
Almoammer2013,Barner
Almoammer2013,Barner
Almoammer2013,Barner
Almoammer2013,Barner
Almoammer2013,Barner
Almoammer2013,Barner
Almoammer2013,Barner
Almoammer2013,Barner
Almoammer2013,Barner
Almoammer2013,Barner
Almoammer2013,Barner
Almoammer2013,Barner
Almoammer2013,Barner
Almoammer2013,Barner
Almoammer2013,Barner
Almoammer2013,Barner
Almoammer2013,Barner
Almoammer2013,Barner
Almoammer2013,Barner
Almoammer2013,Barner
Almoammer2013,Barner
Almoammer2013,Barner
Almoammer2013,Barner
Almoammer2013,Barner
Almoammer2013,Barner
Almoammer2013,Barner
Almoammer2013,Barner
Almoammer2013,Barner
Almoammer2013,Barner
Almoammer2013,Barner
Almoammer2013,Barner
Almoammer2013,Barner
Almoammer2013,Barner
Almoammer2013,Barner
Almoammer2013,Barner
Almoammer2013,Barner
Almoammer2013,Barner
Almoammer2013,Barner
Almoammer2013,Barner
Almoammer2013,Barner
Almoammer2013,Barner
Almoammer2013,Barner
Almoammer2013,Barner
Almoammer2013,Barner
Almoammer2013,Barner
Almoammer2013,Barner
Almoammer2013,Barner
Almoammer2013,Barner
Almoammer2013,Barner
Almoammer2013,Barner
Almoammer2013,Barner
Almoammer2013,Barner
Almoammer2013,Barner
Almoammer2013,Barner
Almoammer2013,Barner
Almoammer2013,Barner
Almoammer2013,Barner
Almoammer2013,Barner
Almoammer2013,Barner
Almoammer2013,Barner
Almoammer2013,Barner
Almoammer2013,Barner
Almoammer2013,Barner
Almoammer2013,Barner
Almoammer2013,Barner
Almoammer2013,Barner
Almoammer2013,Barner
Almoammer2013,Barner
Almoammer2013,Barner
Almoammer2013,Barner
Almoammer2013,Barner
Almoammer2013,Barner
Almoammer2013,Barner
Almoammer2013,Barner
Almoammer2013,Barner
Almoammer2013,Barner
Almoammer2013,Barner
Almoammer2013,Barner
Almoammer2013,Barner
Almoammer2013,Barner
Almoammer2013,Barner
Almoammer2013,Barner
Almoammer2013,Barner
Almoammer2013,Barner
Almoammer2013,Barner
Almoammer2013,Barner
Almoammer2013,Barner
Almoammer2013,Barner
Almoammer2013,Barner
Almoammer2013,Barner
Almoammer2013,Barner
Almoammer2013,Barner
Almoammer2013,Barner
Almoammer2013,Barner
Almoammer2013,Barner
Almoammer2013,Barner
Almoammer2013,Barner
Almoammer2013,Barner
Almoammer2013,Barner
Almoammer2013,Barner
Almoammer2013,Barner
Almoammer2013,Barner
Almoammer2013,Barner
Almoammer2013,Barner
Almoammer2013,Barner
Almoammer2013,Barner
Almoammer2013,Barner
Almoammer2013,Barner
Almoammer2013,Barner
Almoammer2013,Barner
Almoammer2013,Barner
Almoammer2013,Barner
Almoammer2013,Barner
Almoammer2013,Barner
Almoammer2013,Barner
Almoammer2013,Barner
Almoammer2013,Barner
Almoammer2013,Barner
Almoammer2013,Barner
Almoammer2013,Barner
Almoammer2013,Barner
Almoammer2013,Barner
Almoammer2013,Barner
Almoammer2013,Barner
Almoammer2013,Barner
Almoammer2013,Barner
Almoammer2013,Barner
Almoammer2013,Barner
Almoammer2013,Barner
Almoammer2013,Barner
Almoammer2013,Barner
Almoammer2013,Barner
Almoammer2013,Barner
Almoammer2013,Barner
Almoammer2013,Barner
Almoammer2013,Barner
Almoammer2013,Barner
Almoammer2013,Barner
Almoammer2013,Barner
Almoammer2013,Barner
Almoammer2013,Barner
Almoammer2013,Barner
Almoammer2013,Barner
Almoammer2013,Barner
Almoammer2013,Barner
Almoammer2013,Barner
Almoammer2013,Barner
Almoammer2013,Barner
Almoammer2013,Barner
Almoammer2013,Barner
Almoammer2013,Barner
Almoammer2013,Barner
Almoammer2013,Barner
Almoammer2013,Barner
Almoammer2013,Barner
Almoammer2013,Barner
Almoammer2013,Barner
Almoammer2013,Barner
Almoammer2013,Barner
Almoammer2013,Barner
Almoammer2013,Barner
Almoammer2013,Barner
Almoammer2013,Barner
Almoammer2013,Barner
Almoammer2013,Barner
Almoammer2013,Barner
Almoammer2013,Barner
Almoammer2013,Barner
Almoammer2013,Barner
Almoammer2013,Barner
Almoammer2013,Barner
Almoammer2013,Barner
Almoammer2013,Barner
Almoammer2013,Barner
Almoammer2013,Barner
Almoammer2013,Barner
Almoammer2013,Barner
Almoammer2013,Barner
Almoammer2013,Barner
Almoammer2013,Barner
Almoammer2013,Barner
Almoammer2013,Barner
Almoammer2013,Barner
Almoammer2013,Barner
Almoammer2013,Barner
Almoammer2013,Barner
Almoammer2013,Barner
Almoammer2013,Barner
Almoammer2013,Barner
Almoammer2013,Barner
Almoammer2013,Barner
Almoammer2013,Barner
Almoammer2013,Barner
Almoammer2013,Barner
Almoammer2013,Barner
Almoammer2013,Barner
Almoammer2013,Barner
Almoammer2013,Barner
Almoammer2013,Barner
Almoammer2013,Barner
Almoammer2013,Barner
Almoammer2013,Barner
Almoammer2013,Barner
Almoammer2013,Barner
Almoammer2013,Barner
Almoammer2013,Barner
Almoammer2013,Barner
Almoammer2013,Barner
Almoammer2013,Barner
Almoammer2013,Barner
Almoammer2013,Barner
Almoammer2013,Barner
Almoammer2013,Barner
Almoammer2013,Barner
Almoammer2013,Barner
Almoammer2013,Barner
Almoammer2013,Barner
Almoammer2013,Barner
Almoammer2013,Barner
Almoammer2013,Barner
Almoammer2013,Barner
Almoammer2013,Barner
Almoammer2013,Barner
Almoammer2013,Barner
Almoammer2013,Barner
Almoammer2013,Barner
Almoammer2013,Barner
Almoammer2013,Barner
Almoammer2013,Barner
Almoammer2013,Barner
Almoammer2013,Barner
Almoammer2013,Barner
Almoammer2013,Barner
Almoammer2013,Barner
Almoammer2013,Barner
Almoammer2013,Barner
Almoammer2013,Barner
Almoammer2013,Barner
Almoammer2013,Barner
Almoammer2013,Barner
Almoammer2013,Barner
Almoammer2013,Barner
Almoammer2013,Barner
Almoammer2013,Barner
Almoammer2013,Barner
Almoammer2013,Barner
Almoammer2013,Barner
Almoammer2013,Barner
Almoammer2013,Barner
Almoammer2013,Barner
Almoammer2013,Barner
Almoammer2013,Barner
Almoammer2013,Barner
Almoammer2013,Barner
Almoammer2013,Barner
Almoammer2013,Barner
Almoammer2013,Barner
Almoammer2013,Barner
Almoammer2013,Barner
Almoammer2013,Barner
Almoammer2013,Barner
Almoammer2013,Barner
Almoammer2013,Barner
Almoammer2013,Barner
Almoammer2013,Barner
Almoammer2013,Barner
Almoammer2013,Barner
Almoammer2013,Barner
Almoammer2013,Barner
Almoammer2013,Barner
Almoammer2013,Barner
Almoammer2013,Barner
Almoammer2013,Barner
Almoammer2013,Barner
Almoammer2013,Barner
Almoammer2013,Barner
Almoammer2013,Barner
Almoammer2013,Barner
Almoammer2013,Barner
Almoammer2013,Barner
Almoammer2013,Barner
Almoammer2013,Barner
Almoammer2013,Barner
Almoammer2013,Barner
Almoammer2013,Barner
Almoammer2013,Barner
Almoammer2013,Barner
Almoammer2013,Barner
Almoammer2013,Barner
Almoammer2013,Barner
Almoammer2013,Barner
Almoammer2013,Barner
Almoammer2013,Barner
Almoammer2013,Barner
Almoammer2013,Barner
Almoammer2013,Barner
Almoammer2013,Barner
Almoammer2013,Barner
Almoammer2013,Barner
Almoammer2013,Barner
Almoammer2013,Barner
Almoammer2013,Barner
Almoammer2013,Barner
Almoammer2013,Barner
Almoammer2013,Barner
Almoammer2013,Barner
Almoammer2013,Barner
Almoammer2013,Barner
Almoammer2013,Barner
Almoammer2013,Barner
Almoammer2013,Barner
Almoammer2013,Barner
Almoammer2013,Barner
Almoammer2013,Barner
Almoammer2013,Barner
Almoammer2013,Barner
Almoammer2013,Barner
Almoammer2013,Barner
Almoammer2013,Barner
Almoammer2013,Barner
Almoammer2013,Barner
Almoammer2013,Barner
Almoammer2013,Barner
Almoammer2013,Barner
Almoammer2013,Barner
Almoammer2013,Barner
Almoammer2013,Barner
Almoammer2013,Barner
Almoammer2013,Barner
Almoammer2013,Barner
Almoammer2013,Barner
Almoammer2013,Barner
Almoammer2013,Barner
Almoammer2013,Barner
Almoammer2013,Barner
Almoammer2013,Barner
Almoammer2013,Barner
Almoammer2013,Barner
Almoammer2013,Barner
Almoammer2013,Barner
Almoammer2013,Barner
Almoammer2013,Barner
Almoammer2013,Barner
Almoammer2013,Barner
Almoammer2013,Barner
Almoammer2013,Barner
Almoammer2013,Barner
Almoammer2013,Barner
Almoammer2013,Barner
Almoammer2013,Barner
Almoammer2013,Barner
Almoammer2013,Barner
Almoammer2013,Barner
Almoammer2013,Barner
Almoammer2013,Barner
Almoammer2013,Barner
Almoammer2013,Barner
Almoammer2013,Barner
Almoammer2013,Barner
Almoammer2013,Barner
Almoammer2013,Barner
Almoammer2013,Barner
Almoammer2013,Barner
Almoammer2013,Barner
Almoammer2013,Barner
Almoammer2013,Barner
Almoammer2013,Barner
Almoammer2013,Barner
Almoammer2013,Barner
Almoammer2013,Barner
Almoammer2013,Barner
Almoammer2013,Barner
Almoammer2013,Barner
Almoammer2013,Barner
Almoammer2013,Barner
Almoammer2013,Barner
Almoammer2013,Barner
Almoammer2013,Barner
Almoammer2013,Barner
Almoammer2013,Barner
Almoammer2013,Barner
Almoammer2013,Barner
Almoammer2013,Barner
Almoammer2013,Barner
Almoammer2013,Barner
Almoammer2013,Barner
Almoammer2013,Barner
Almoammer2013,Barner
Almoammer2013,Barner
Almoammer2013,Barner
Almoammer2013,Barner
Almoammer2013,Barner
Almoammer2013,Barner
Almoammer2013,Barner
Almoammer2013,Barner
Almoammer2013,Barner
Almoammer2013,Barner
Almoammer2013,Barner
Almoammer2013,Barner
Almoammer2013,Barner
Almoammer2013,Barner
Almoammer2013,Barner
Almoammer2013,Barner
Almoammer2013,Barner
Almoammer2013,Barner
Almoammer2013,Barner
Almoammer2013,Barner
Almoammer2013,Barner
Almoammer2013,Barner
Almoammer2013,Barner
Almoammer2013,Barner
Almoammer2013,Barner
Almoammer2013,Barner
Almoammer2013,Barner
Almoammer2013,Barner
Almoammer2013,Barner
Almoammer2013,Barner
Almoammer2013,Barner
Almoammer2013,Barner
Almoammer2013,Barner
Almoammer2013,Barner
Almoammer2013,Barner
Almoammer2013,Barner
Almoammer2013,Barner
Almoammer2013,Barner
Almoammer2013,Barner
Almoammer2013,Barner
Almoammer2013,Barner
Almoammer2013,Barner
Almoammer2013,Barner
Almoammer2013,Barner
Almoammer2013,Barner
Almoammer2013,Barner
Almoammer2013,Barner
Almoammer2013,Barner
Almoammer2013,Barner
Almoammer2013,Barner
Almoammer2013,Barner
Almoammer2013,Barner
Almoammer2013,Barner
Almoammer2013,Barner
Almoammer2013,Barner
Almoammer2013,Barner
Almoammer2013,Barner
Almoammer2013,Barner
Almoammer2013,Barner
Almoammer2013,Barner
Almoammer2013,Barner
Almoammer2013,Barner
Almoammer2013,Barner
Almoammer2013,Barner
Almoammer2013,Barner
Almoammer2013,Barner
Almoammer2013,Barner
Almoammer2013,Barner
Almoammer2013,Barner
Almoammer2013,Barner
Almoammer2013,Barner
Almoammer2013,Barner
Almoammer2013,Barner
Almoammer2013,Barner
Almoammer2013,Barner
Almoammer2013,Barner
Almoammer2013,Barner
Almoammer2013,Barner
Almoammer2013,Barner
Almoammer2013,Barner
Almoammer2013,Barner
Almoammer2013,Barner
Almoammer2013,Barner
Almoammer2013,Barner
Almoammer2013,Barner
Almoammer2013,Barner
Almoammer2013,Barner
Almoammer2013,Barner
Almoammer2013,Barner
Almoammer2013,Barner
Almoammer2013,Barner
Almoammer2013,Barner
Almoammer2013,Barner
Almoammer2013,Barner
Almoammer2013,Barner
Almoammer2013,Barner
Almoammer2013,Barner
Almoammer2013,Barner
Almoammer2013,Barner
Almoammer2013,Barner
Almoammer2013,Barner
Almoammer2013,Barner
Almoammer2013,Barner
Almoammer2013,Barner
Almoammer2013,Barner
Almoammer2013,Barner
Almoammer2013,Barner
Almoammer2013,Barner
Almoammer2013,Barner
Almoammer2013,Barner
Almoammer2013,Barner
Almoammer2013,Barner
Almoammer2013,Barner
Almoammer2013,Barner
Almoammer2013,Barner
Almoammer2013,Barner
Almoammer2013,Barner
Almoammer2013,Barner
Almoammer2013,Barner
Almoammer2013,Barner
Almoammer2013,Barner
Almoammer2013,Barner
Almoammer2013,Barner
Almoammer2013,Barner
Almoammer2013,Barner
Almoammer2013,Barner
Almoammer2013,Barner
Almoammer2013,Barner
Almoammer2013,Barner
Almoammer2013,Barner
Almoammer2013,Barner
Almoammer2013,Barner
Almoammer2013,Barner
Almoammer2013,Barner
Almoammer2013,Barner
Almoammer2013,Barner
Almoammer2013,Barner
Almoammer2013,Barner
Almoammer2013,Barner
Almoammer2013,Barner
Almoammer2013,Barner
Almoammer2013,Barner
Almoammer2013,Barner
Almoammer2013,Barner
Almoammer2013,Barner
Almoammer2013,Barner
Almoammer2013,Barner
Almoammer2013,Barner
Almoammer2013,Barner
Almoammer2013,Barner
Almoammer2013,Barner
Almoammer2013,Barner
Almoammer2013,Barner
Almoammer2013,Barner
Almoammer2013,Barner
Almoammer2013,Barner
Almoammer2013,Barner
Almoammer2013,Barner
Almoammer2013,Barner
Almoammer2013,Barner
Almoammer2013,Barner
Almoammer2013,Barner
Almoammer2013,Barner
Almoammer2013,Barner
Almoammer2013,Barner
Almoammer2013,Barner
Almoammer2013,Barner
Almoammer2013,Barner
Almoammer2013,Barner
Almoammer2013,Barner
Almoammer2013,Barner
Almoammer2013,Barner
Almoammer2013,Barner
Almoammer2013,Barner
Almoammer2013,Barner
Almoammer2013,Barner
Almoammer2013,Barner
Almoammer2013,Barner
Almoammer2013,Barner
Almoammer2013,Barner
Almoammer2013,Barner
Almoammer2013,Barner
Almoammer2013,Barner
Almoammer2013,Barner
Almoammer2013,Barner
Almoammer2013,Barner
Almoammer2013,Barner
Almoammer2013,Barner
Almoammer2013,Barner
Almoammer2013,Barner
Almoammer2013,Barner
Almoammer2013,Barner
Almoammer2013,Barner
Almoammer2013,Barner
Almoammer2013,Barner
Almoammer2013,Barner
Almoammer2013,Barner
Almoammer2013,Barner
Almoammer2013,Barner
Almoammer2013,Barner
Almoammer2013,Barner
Almoammer2013,Barner
Almoammer2013,Barner
Almoammer2013,Barner
Almoammer2013,Barner
Almoammer2013,Barner
Almoammer2013,Barner
Almoammer2013,Barner
Almoammer2013,Barner
Almoammer2013,Barner
Almoammer2013,Barner
Almoammer2013,Barner
Almoammer2013,Barner
Almoammer2013,Barner
Almoammer2013,Barner
Almoammer2013,Barner
Almoammer2013,Barner
Almoammer2013,Barner
Almoammer2013,Barner
Almoammer2013,Barner
Almoammer2013,Barner
Almoammer2013,Barner
Almoammer2013,Barner
Almoammer2013,Barner
Almoammer2013,Barner
Almoammer2013,Barner
Almoammer2013,Barner
Almoammer2013,Barner
Almoammer2013,Barner
Almoammer2013,Barner
Almoammer2013,Barner
Almoammer2013,Barner
Almoammer2013,Barner
Almoammer2013,Barner
Almoammer2013,Barner
Almoammer2013,Barner
Almoammer2013,Barner
Almoammer2013,Barner
Almoammer2013,Barner
Almoammer2013,Barner
Almoammer2013,Barner
Almoammer2013,Barner
Almoammer2013,Barner
Almoammer2013,Barner
Almoammer2013,Barner
Almoammer2013,Barner
Almoammer2013,Barner
Almoammer2013,Barner
Almoammer2013,Barner
Almoammer2013,Barner
Almoammer2013,Barner
Almoammer2013,Barner
Almoammer2013,Barner
Almoammer2013,Barner
Almoammer2013,Barner
Almoammer2013,Barner
Almoammer2013,Barner
Almoammer2013,Barner
Almoammer2013,Barner
Almoammer2013,Barner
Almoammer2013,Barner
Almoammer2013,Barner
Almoammer2013,Barner
Almoammer2013,Barner
Almoammer2013,Barner
Almoammer2013,Barner
Almoammer2013,Barner
Almoammer2013,Barner
Almoammer2013,Barner
Almoammer2013,Barner
Almoammer2013,Barner
Almoammer2013,Barner
Almoammer2013,Barner
Almoammer2013,Barner
Almoammer2013,Barner
Almoammer2013,Barner
Almoammer2013,Barner
Almoammer2013,Barner
Almoammer2013,Barner
Almoammer2013,Barner
Almoammer2013,Barner
Almoammer2013,Barner
Almoammer2013,Barner
Almoammer2013,Barner
Almoammer2013,Barner
Almoammer2013,Barner
Almoammer2013,Barner
Almoammer2013,Barner
Almoammer2013,Barner
Almoammer2013,Barner
Almoammer2013,Barner
Almoammer2013,Barner
Almoammer2013,Barner
Almoammer2013,Barner
Almoammer2013,Barner
Almoammer2013,Barner
Almoammer2013,Barner
Almoammer2013,Barner
Almoammer2013,Barner
Almoammer2013,Barner
Almoammer2013,Barner
Almoammer2013,Barner
Almoammer2013,Barner
Almoammer2013,Barner
Almoammer2013,Barner
Almoammer2013,Barner
Almoammer2013,Barner
Almoammer2013,Barner
Almoammer2013,Barner
Almoammer2013,Barner
Almoammer2013,Barner
Almoammer2013,Barner
Almoammer2013,Barner
Almoammer2013,Barner
Almoammer2013,Barner
Almoammer2013,Barner
Almoammer2013,Barner
Almoammer2013,Barner
Almoammer2013,Barner
Almoammer2013,Barner
Almoammer2013,Barner
Almoammer2013,Barner
Almoammer2013,Barner
Almoammer2013,Barner
Almoammer2013,Barner
Almoammer2013,Barner
Almoammer2013,Barner
Almoammer2013,Barner
Almoammer2013,Barner
Almoammer2013,Barner
Almoammer2013,Barner
Almoammer2013,Barner
Almoammer2013,Barner
Almoammer2013,Barner
Almoammer2013,Barner
Almoammer2013,Barner
Almoammer2013,Barner
Almoammer2013,Barner
Almoammer2013,Barner
Almoammer2013,Barner
Almoammer2013,Barner
Almoammer2013,Barner
Almoammer2013,Barner
Almoammer2013,Barner
Almoammer2013,Barner
Almoammer2013,Barner
Almoammer2013,Barner
Almoammer2013,Barner
Almoammer2013,Barner
Almoammer2013,Barner
Almoammer2013,Barner
Almoammer2013,Barner
Almoammer2013,Barner
Almoammer2013,Barner
Almoammer2013,Barner
Almoammer2013,Barner
Almoammer2013,Barner
Almoammer2013,Barner
Almoammer2013,Barner
Almoammer2013,Barner
Almoammer2013,Barner
Almoammer2013,Barner
Almoammer2013,Barner
Almoammer2013,Barner
Almoammer2013,Barner
Almoammer2013,Barner
Almoammer2013,Barner
Almoammer2013,Barner
Almoammer2013,Barner
Almoammer2013,Barner
Almoammer2013,Barner
Almoammer2013,Barner
Almoammer2013,Barner
Almoammer2013,Barner
Almoammer2013,Barner
Almoammer2013,Barner
Almoammer2013,Barner
Almoammer2013,Barner
Almoammer2013,Barner
Almoammer2013,Barner
Almoammer2013,Barner
Almoammer2013,Barner
Almoammer2013,Barner
Almoammer2013,Barner
Almoammer2013,Barner
Almoammer2013,Barner
Almoammer2013,Barner
Almoammer2013,Barner
Almoammer2013,Barner
Almoammer2013,Barner
Almoammer2013,Barner
Almoammer2013,Barner
Almoammer2013,Barner
Almoammer2013,Barner
Almoammer2013,Barner
Almoammer2013,Barner
Almoammer2013,Barner
Almoammer2013,Barner
Almoammer2013,Barner
Almoammer2013,Barner
Almoammer2013,Barner
Almoammer2013,Barner
Almoammer2013,Barner
Almoammer2013,Barner
Almoammer2013,Barner
Almoammer2013,Barner
Almoammer2013,Barner
Almoammer2013,Barner
Almoammer2013,Barner
Almoammer2013,Barner
Almoammer2013,Barner
Almoammer2013,Barner
Almoammer2013,Barner
Almoammer2013,Barner
Almoammer2013,Barner
Almoammer2013,Barner
Almoammer2013,Barner
Almoammer2013,Barner
Almoammer2013,Barner
Almoammer2013,Barner
Almoammer2013,Barner
Almoammer2013,Barner
Almoammer2013,Barner
Almoammer2013,Barner
Almoammer2013,Barner
Almoammer2013,Barner
Almoammer2013,Barner
Almoammer2013,Barner
Almoammer2013,Barner
Almoammer2013,Barner
Almoammer2013,Barner
Almoammer2013,Barner
Almoammer2013,Barner
Almoammer2013,Barner
Almoammer2013,Barner
Almoammer2013,Barner
Almoammer2013,Barner
Almoammer2013,Barner
Almoammer2013,Barner
Almoammer2013,Barner
Almoammer2013,Barner
Almoammer2013,Barner
Almoammer2013,Barner
Almoammer2013,Barner
Almoammer2013,Barner
Almoammer2013,Barner
Almoammer2013,Barner
Almoammer2013,Barner
Almoammer2013,Barner
Almoammer2013,Barner
Almoammer2013,Barner
Almoammer2013,Barner
Almoammer2013,Barner
Almoammer2013,Barner
Almoammer2013,Barner
Almoammer2013,Barner
Almoammer2013,Barner
Almoammer2013,Barner
Almoammer2013,Barner
Almoammer2013,Barner
Almoammer2013,Barner
Almoammer2013,Barner
Almoammer2013,Barner
Almoammer2013,Barner
Almoammer2013,Barner
Almoammer2013,Barner
Almoammer2013,Barner
Almoammer2013,Barner
Almoammer2013,Barner
Almoammer2013,Barner
Almoammer2013,Barner
Almoammer2013,Barner
Almoammer2013,Barner
Almoammer2013,Barner
Almoammer2013,Barner
Almoammer2013,Barner
Almoammer2013,Barner
Almoammer2013,Barner
Almoammer2013,Barner
Almoammer2013,Barner
Almoammer2013,Barner
Almoammer2013,Barner
Almoammer2013,Barner
Almoammer2013,Barner
Almoammer2013,Barner
Almoammer2013,Barner
Almoammer2013,Barner
Almoammer2013,Barner
Almoammer2013,Barner
Almoammer2013,Barner
Almoammer2013,Barner
Almoammer2013,Barner
Almoammer2013,Barner
Almoammer2013,Barner
Almoammer2013,Barner
Almoammer2013,Barner
Almoammer2013,Barner
Almoammer2013,Barner
Almoammer2013,Barner
Almoammer2013,Barner
Almoammer2013,Barner
Almoammer2013,Barner
Almoammer2013,Barner
Almoammer2013,Barner
Almoammer2013,Barner
Almoammer2013,Barner
Almoammer2013,Barner
Almoammer2013,Barner
Almoammer2013,Barner
Almoammer2013,Barner
Almoammer2013,Barner
Almoammer2013,Barner
Almoammer2013,Barner
Almoammer2013,Barner
Almoammer2013,Barner
Almoammer2013,Barner
Almoammer2013,Barner
Almoammer2013,Barner
Almoammer2013,Barner
Almoammer2013,Barner
Almoammer2013,Barner
Almoammer2013,Barner
Almoammer2013,Barner
Almoammer2013,Barner
Almoammer2013,Barner
Almoammer2013,Barner
Almoammer2013,Barner
Almoammer2013,Barner
Almoammer2013,Barner
Almoammer2013,Barner
Almoammer2013,Barner
Almoammer2013,Barner
Almoammer2013,Barner
Almoammer2013,Barner
Almoammer2013,Barner
Almoammer2013,Barner
Almoammer2013,Barner
Almoammer2013,Barner
Almoammer2013,Barner
Almoammer2013,Barner
Almoammer2013,Barner
Almoammer2013,Barner
Almoammer2013,Barner
Almoammer2013,Barner
Almoammer2013,Barner
Almoammer2013,Barner
Almoammer2013,Barner
Almoammer2013,Barner
Almoammer2013,Barner
Almoammer2013,Barner
Almoammer2013,Barner
Almoammer2013,Barner
Almoammer2013,Barner
Almoammer2013,Barner
Almoammer2013,Barner
Almoammer2013,Barner
Almoammer2013,Barner
Almoammer2013,Barner
Almoammer2013,Barner
Almoammer2013,Barner
Almoammer2013,Barner
Almoammer2013,Barner
Almoammer2013,Barner
Almoammer2013,Barner
Almoammer2013,Barner
Almoammer2013,Barner
Almoammer2013,Barner
Almoammer2013,Barner
Almoammer2013,Barner
Almoammer2013,Barner
Almoammer2013,Barner
Almoammer2013,Barner
Almoammer2013,Barner
Almoammer2013,Barner
Almoammer2013,Barner
Almoammer2013,Barner
Almoammer2013,Barner
Almoammer2013,Barner
Almoammer2013,Barner
Almoammer2013,Barner
Almoammer2013,Barner
Almoammer2013,Barner
Almoammer2013,Barner
Almoammer2013,Barner
Almoammer2013,Barner
Almoammer2013,Barner
Almoammer2013,Barner
Almoammer2013,Barner
Almoammer2013,Barner
Almoammer2013,Barner
Almoammer2013,Barner
Almoammer2013,Barner
Almoammer2013,Barner
Almoammer2013,Barner
Almoammer2013,Barner
Almoammer2013,Barner
Almoammer2013,Barner
Almoammer2013,Barner
Almoammer2013,Barner
Almoammer2013,Barner
Almoammer2013,Barner
Almoammer2013,Barner
Almoammer2013,Barner
Almoammer2013,Barner
Almoammer2013,Barner
Almoammer2013,Barner
Almoammer2013,Barner
Almoammer2013,Barner
Almoammer2013,Barner
Almoammer2013,Barner
Almoammer2013,Barner
Almoammer2013,Barner
Almoammer2013,Barner
Almoammer2013,Barner
Almoammer2013,Barner
Almoammer2013,Barner
Almoammer2013,Barner
Almoammer2013,Barner
Almoammer2013,Barner
Almoammer2013,Barner
Almoammer2013,Barner
Almoammer2013,Barner
Almoammer2013,Barner
Almoammer2013,Barner
Almoammer2013,Barner
Almoammer2013,Barner
Almoammer2013,Barner
Almoammer2013,Barner
Almoammer2013,Barner
Almoammer2013,Barner
Almoammer2013,Barner
Almoammer2013,Barner
Almoammer2013,Barner
Almoammer2013,Barner
Almoammer2013,Barner
Almoammer2013,Barner
Almoammer2013,Barner
Almoammer2013,Barner
Almoammer2013,Barner
Almoammer2013,Barner
Almoammer2013,Barner
Almoammer2013,Barner
Almoammer2013,Barner
Almoammer2013,Barner
Almoammer2013,Barner
Almoammer2013,Barner
Almoammer2013,Barner
Almoammer2013,Barner
Almoammer2013,Barner
Almoammer2013,Barner
Almoammer2013,Barner
Almoammer2013,Barner
Almoammer2013,Barner
Almoammer2013,Barner
Almoammer2013,Barner
Almoammer2013,Barner
Almoammer2013,Barner
Almoammer2013,Barner
Almoammer2013,Barner
Almoammer2013,Barner
Almoammer2013,Barner
Almoammer2013,Barner
Almoammer2013,Barner
Almoammer2013,Barner
Almoammer2013,Barner
Almoammer2013,Barner
Almoammer2013,Barner
Almoammer2013,Barner
Almoammer2013,Barner
Almoammer2013,Barner
Almoammer2013,Barner
Almoammer2013,Barner
Almoammer2013,Barner
Almoammer2013,Barner
Almoammer2013,Barner
Almoammer2013,Barner
Almoammer2013,Barner
Almoammer2013,Barner
Almoammer2013,Barner
Almoammer2013,Barner
Almoammer2013,Barner
Almoammer2013,Barner
Almoammer2013,Barner
Almoammer2013,Barner
Almoammer2013,Barner
Almoammer2013,Barner
Almoammer2013,Barner
Almoammer2013,Barner
Almoammer2013,Barner
Almoammer2013,Barner
Almoammer2013,Barner
Almoammer2013,Barner
Almoammer2013,Barner
Almoammer2013,Barner
Almoammer2013,Barner
Almoammer2013,Barner
Almoammer2013,Barner
Almoammer2013,Barner
Almoammer2013,Barner
Almoammer2013,Barner
Almoammer2013,Barner
Almoammer2013,Barner
Almoammer2013,Barner
Almoammer2013,Barner
Almoammer2013,Barner
Almoammer2013,Barner
Almoammer2013,Barner
Almoammer2013,Barner
Almoammer2013,Barner
Almoammer2013,Barner
Almoammer2013,Barner
Almoammer2013,Barner
Almoammer2013,Barner
Almoammer2013,Barner
Almoammer2013,Barner
Almoammer2013,Barner
Almoammer2013,Barner
Almoammer2013,Barner
Almoammer2013,Barner
Almoammer2013,Barner
Almoammer2013,Barner
Almoammer2013,Barner
Almoammer2013,Barner
Almoammer2013,Barner
Almoammer2013,Barner
Almoammer2013,Barner
Almoammer2013,Barner
Almoammer2013,Barner
Almoammer2013,Barner
Almoammer2013,Barner
Almoammer2013,Barner
Almoammer2013,Barner
Almoammer2013,Barner
Almoammer2013,Barner
Almoammer2013,Barner
Almoammer2013,Barner
Almoammer2013,Barner
Almoammer2013,Barner
Almoammer2013,Barner
Almoammer2013,Barner
Almoammer2013,Barner
Almoammer2013,Barner
Almoammer2013,Barner
Almoammer2013,Barner
Almoammer2013,Barner
Almoammer2013,Barner
Almoammer2013,Barner
Almoammer2013,Barner
Almoammer2013,Barner
Almoammer2013,Barner
Almoammer2013,Barner
Almoammer2013,Barner
Almoammer2013,Barner
Almoammer2013,Barner
Almoammer2013,Barner
Almoammer2013,Barner
Almoammer2013,Barner
Almoammer2013,Barner
Almoammer2013,Barner
Almoammer2013,Barner
Almoammer2013,Barner
Almoammer2013,Barner
Almoammer2013,Barner
Almoammer2013,Barner
Almoammer2013,Barner
Almoammer2013,Barner
Almoammer2013,Barner
Almoammer2013,Barner
Almoammer2013,Barner
Almoammer2013,Barner
Almoammer2013,Barner
Almoammer2013,Barner
Almoammer2013,Barner
Almoammer2013,Barner
Almoammer2013,Barner
Almoammer2013,Barner
Almoammer2013,Barner
Almoammer2013,Barner
Almoammer2013,Barner
Almoammer2013,Barner
Almoammer2013,Barner
Almoammer2013,Barner
Almoammer2013,Barner
Almoammer2013,Barner
Almoammer2013,Barner
Almoammer2013,Barner
Almoammer2013,Barner
Almoammer2013,Barner
Almoammer2013,Barner
Almoammer2013,Barner
Almoammer2013,Barner
Almoammer2013,Barner
Almoammer2013,Barner
Almoammer2013,Barner
Almoammer2013,Barner
Almoammer2013,Barner
Almoammer2013,Barner
Almoammer2013,Barner
Almoammer2013,Barner
Almoammer2013,Barner
Almoammer2013,Barner
Almoammer2013,Barner
Almoammer2013,Barner
Almoammer2013,Barner
Almoammer2013,Barner
Almoammer2013,Barner
Almoammer2013,Barner
Almoammer2013,Barner
Almoammer2013,Barner
Almoammer2013,Barner
Almoammer2013,Barner
Almoammer2013,Barner
Almoammer2013,Barner
Almoammer2013,Barner
Almoammer2013,Barner
Almoammer2013,Barner
Almoammer2013,Barner
Almoammer2013,Barner
Almoammer2013,Barner
Almoammer2013,Barner
Almoammer2013,Barner
Almoammer2013,Barner
Almoammer2013,Barner
Almoammer2013,Barner
Almoammer2013,Barner
Almoammer2013,Barner
Almoammer2013,Barner
Almoammer2013,Barner
Almoammer2013,Barner
Almoammer2013,Barner
Almoammer2013,Barner
Almoammer2013,Barner
Almoammer2013,Barner
Almoammer2013,Barner
Almoammer2013,Barner
Almoammer2013,Barner
Almoammer2013,Barner
Almoammer2013,Barner
Almoammer2013,Barner
Almoammer2013,Barner
Almoammer2013,Barner
Almoammer2013,Barner
Almoammer2013,Barner
Almoammer2013,Barner
Almoammer2013,Barner
Almoammer2013,Barner
Almoammer2013,Barner
Almoammer2013,Barner
Almoammer2013,Barner
Almoammer2013,Barner
Almoammer2013,Barner
Almoammer2013,Barner
Almoammer2013,Barner
Almoammer2013,Barner
Almoammer2013,Barner
Almoammer2013,Barner
Almoammer2013,Barner
Almoammer2013,Barner
Almoammer2013,Barner
Almoammer2013,Barner
Almoammer2013,Barner
Almoammer2013,Barner
Almoammer2013,Barner
Almoammer2013,Barner
Almoammer2013,Barner
Almoammer2013,Barner
Almoammer2013,Barner
Almoammer2013,Barner
Almoammer2013,Barner
Almoammer2013,Barner
Almoammer2013,Barner
Almoammer2013,Barner
Almoammer2013,Barner
Almoammer2013,Barner
Almoammer2013,Barner
Almoammer2013,Barner
Almoammer2013,Barner
Almoammer2013,Barner
Almoammer2013,Barner
Almoammer2013,Barner
Almoammer2013,Barner
Almoammer2013,Barner
Almoammer2013,Barner
Almoammer2013,Barner
Almoammer2013,Barner
Almoammer2013,Barner
Almoammer2013,Barner
Almoammer2013,Barner
Almoammer2013,Barner
Almoammer2013,Barner
Almoammer2013,Barner
Almoammer2013,Barner
Almoammer2013,Barner
Almoammer2013,Barner
Almoammer2013,Barner
Almoammer2013,Barner
Almoammer2013,Barner
Almoammer2013,Barner
Almoammer2013,Barner
Almoammer2013,Barner
Almoammer2013,Barner
Almoammer2013,Barner
Almoammer2013,Barner
Almoammer2013,Barner
Almoammer2013,Barner
Almoammer2013,Barner
Almoammer2013,Barner
Almoammer2013,Barner
Almoammer2013,Barner
Almoammer2013,Barner
Almoammer2013,Barner
Almoammer2013,Barner
Almoammer2013,Barner
Almoammer2013,Barner
Almoammer2013,Barner
Almoammer2013,Barner
Almoammer2013,Barner
Almoammer2013,Barner
Almoammer2013,Barner
Almoammer2013,Barner
Almoammer2013,Barner
Almoammer2013,Barner
Almoammer2013,Barner
Almoammer2013,Barner
Almoammer2013,Barner
Almoammer2013,Barner
Almoammer2013,Barner
Almoammer2013,Barner
Almoammer2013,Barner
Almoammer2013,Barner
Almoammer2013,Barner
Almoammer2013,Barner
Almoammer2013,Barner
Almoammer2013,Barner
Almoammer2013,Barner
Almoammer2013,Barner
Almoammer2013,Barner
Almoammer2013,Barner
Almoammer2013,Barner
Almoammer2013,Barner
Almoammer2013,Barner
Almoammer2013,Barner
Almoammer2013,Barner
Almoammer2013,Barner
Almoammer2013,Barner
Almoammer2013,Barner
Almoammer2013,Barner
Almoammer2013,Barner
Almoammer2013,Barner
Almoammer2013,Barner
Almoammer2013,Barner
Almoammer2013,Barner
Almoammer2013,Barner
Almoammer2013,Barner
Almoammer2013,Barner
Almoammer2013,Barner
Almoammer2013,Barner
Almoammer2013,Barner
Almoammer2013,Barner
Almoammer2013,Barner
Almoammer2013,Barner
Almoammer2013,Barner
Almoammer2013,Barner
Almoammer2013,Barner
Almoammer2013,Barner
Almoammer2013,Barner
Almoammer2013,Barner
Almoammer2013,Barner
Almoammer2013,Barner
Almoammer2013,Barner
Almoammer2013,Barner
Almoammer2013,Barner
Almoammer2013,Barner
Almoammer2013,Barner
Almoammer2013,Barner
Almoammer2013,Barner
Almoammer2013,Barner
Almoammer2013,Barner
Almoammer2013,Barner
Almoammer2013,Barner
Almoammer2013,Barner
Almoammer2013,Barner
Almoammer2013,Barner
Almoammer2013,Barner
Almoammer2013,Barner
Almoammer2013,Barner
Almoammer2013,Barner
Almoammer2013,Barner
Almoammer2013,Barner
Almoammer2013,Barner
Almoammer2013,Barner
Almoammer2013,Barner
Almoammer2013,Barner
Almoammer2013,Barner
Almoammer2013,Barner
Almoammer2013,Barner
Almoammer2013,Barner
Almoammer2013,Barner
Almoammer2013,Barner
Almoammer2013,Barner
Almoammer2013,Barner
Almoammer2013,Barner
Almoammer2013,Barner
Almoammer2013,Barner
Almoammer2013,Barner
Almoammer2013,Barner
Almoammer2013,Barner
Almoammer2013,Barner
Almoammer2013,Barner
Almoammer2013,Barner
